Target,Arrow,Depth,Shot,Comments
1,Small,23.1,1,very small chip off one corner
1,Small,21.8,2,"entry very close to shot 1, exit clearly separate"
1,Small,26.3,3,NA
1,Small,23.8,4,NA
1,Small,23.9,5,NA
1,Small,33.2,6,entry very close to shot 5
1,Small,22.6,7,aimed lower on the block
1,Small,22.3,9,NA
1,Small,20.4,10,NA
1,Small,20.7,11,NA
1,Medium,35.2,13,NA
1,Medium,31.4,14,NA
1,Medium,31.7,15,NA
1,Medium,27.4,16,NA
1,Medium,25.9,17,Entered close to a previous shot with small arrow.
1,Medium,28.7,18,NA
1,Medium,33.7,19,NA
1,Medium,33.2,20,hit another entry wound
1,Medium,19.5,22,Hit another entry wound
1,Medium,26.4,23,NA
1,Medium,28.1,24,NA
1,Medium,22.9,25,NA
2,Large,22.8,1,Hit the block in the middle
2,Medium,24,2,NA
2,Large,20.2,3,NA
2,Medium,23.9,5,NA
2,Large,23.1,6,NA
2,Medium,23.4,7,NA
2,Large,18.9,9,NA
2,Medium,23.6,10,NA
2,Large,28.1,12,NA
2,Medium,27.1,14,"Close to the target edge, exit wound led to crack through the side"
2,Large,21.8,15,NA
2,Medium,30.2,16,NA
2,Large,22.7,17,NA
2,Medium,32.6,18,NA
2,Large,27.4,19,NA
2,Medium,20.5,20,NA
3,Small,27.4,1,NA
3,Medium,40.1,2,NA
3,Small,24.5,4,NA
3,Medium,30.4,5,NA
3,Small,24.8,6,NA
3,Medium,31.2,7,NA
3,Small,25.8,8,NA
3,Medium,32.6,9,"Connected wounds on both sides, but channel separate"
3,Small,24.2,10,NA
3,Medium,29.1,11,NA
3,Small,24.8,12,NA
3,Medium,23.2,13,NA
3,Small,24.3,14,NA
3,Medium,33.2,15,NA
3,Small,25.4,16,NA
3,Medium,32.7,17,NA
4,Small,22.6,1,NA
4,Large,30.6,2,Went out through pre-existing crack
4,Large,24.9,3,NA
4,Small,18.9,4,NA
4,Large,18.1,5,NA
4,Small,20.1,6,NA
4,Large,23.7,7,NA
4,Small,23.1,8,NA
4,Large,22.6,9,NA
4,Small,20.2,10,NA
4,Large,22.4,11,NA
4,Small,20.7,13,NA
4,Large,24.3,15,NA
4,Medium,32.1,16,NA
4,Medium,29.8,17,NA
4,Medium,27.8,18,NA
4,Medium,32.7,19,NA
4,Medium,29.9,20,NA
4,Medium,29.2,23,NA
